<?xml version="1.0" encoding="UTF-8"?>
<configuration scan="true">

    <!-- Define log file path and name -->
    <property name="LOG_PATH" value="./logs" />
    <property name="APP_NAME" value="prod-ready-features" />

    <!-- Console Appender -->
    <appender name="CONSOLE" class="ch.qos.logback.core.ConsoleAppender">
        <encoder>
            <pattern>
                %d{yyyy-MM-dd HH:mm:ss.SSS} [%thread] %-5level %logger{36} - %msg%n
            </pattern>
        </encoder>
    </appender>

    <!-- Rolling File Appender -->
    <appender name="FILE" class="ch.qos.logback.core.rolling.RollingFileAppender">
        <file>${LOG_PATH}/${APP_NAME}.log</file>
        <rollingPolicy class="ch.qos.logback.core.rolling.TimeBasedRollingPolicy">
            <!-- daily rollover -->
            <fileNamePattern>${LOG_PATH}/${APP_NAME}-%d{yyyy-MM-dd}.log</fileNamePattern>
            <!-- keep 30 days -->
            <maxHistory>30</maxHistory>
        </rollingPolicy>
        <encoder>
            <pattern>
                %d{yyyy-MM-dd HH:mm:ss.SSS} [%thread] %-5level %logger{36} - %msg%n
            </pattern>
        </encoder>
    </appender>

    <!-- Root Logger -->
    <root level="INFO">
        <appender-ref ref="CONSOLE" />
        <appender-ref ref="FILE" />
    </root>

    <!-- Example: More detailed logs for your app packages -->
    <logger name="com.example.prod_ready_features" level="DEBUG" additivity="false">
        <appender-ref ref="CONSOLE"/>
        <appender-ref ref="FILE"/>
    </logger>

</configuration>